{"armLy_elbow": [7.265268098728318, 8.992919815082052, -1.6764163403611354], "armLy_endWrist": [12.584951697415578, 6.489670009016745, -0.6055587838928712], "armLy_shoulder": [3.0, 11.0, 0.0], "armLy_wrist": [11.743699407390618, 6.8855327690456765, -0.7749036997994799]}